Dataset,Model,TR TIME,TR CPU%,TR Energy (J),Accuracy,Precision,Recall,F1 Score,MCC,TE TIME,TE CPU%,TE Energy (J),XAI,XAI TR TIME,XAI TR CPU%, XAI TR Energy (J),XAI TE TIME,XAI TE CPU%, XAI TE Energy (J)
QOE_prediction_ICC2018,RF,8.542541164002614,22.839891092344704,11410.161579482668,0.99995178166739,0.9999519895050304,0.99995178166739,0.9999518314466239,0.9998779179153336,0.12624370500270743,23.175048828125,168.8483982215443,MorrisSensitivity,2.9185311130131595,23.175048828125,3903.476245262641,1.5721064179961104,23.16991614238996,2102.6173288646182
QOE_prediction_ICC2018,VC,0.46346537199860904,23.114013671875,619.7242413972172,0.954481894016105,0.9552841603194245,0.954481894016105,0.9514517086774102,0.8828049755736497,3.8123004649969516,23.114013671875,5097.630063407594,MorrisSensitivity,20.43850483999995,23.424879651939992,27363.3981714661,14.404764038001304,23.757052212867833,19310.922561494768
QOE_prediction_ICC2018,BC,2.0503220620012144,23.823598729501857,2749.3767399908174,1.0,1.0,1.0,1.0,1.0,0.035380173998419195,23.797607421875,47.438080308629836,MorrisSensitivity,2.449320578991319,23.797607421875,3284.072778527358,1.2812181689951103,23.798468691668546,1717.8756447082742
QOE_prediction_ICC2018,ABC,0.3608125780010596,23.809814453125,483.80456126346417,1.0,1.0,1.0,1.0,1.0,0.006927637994522229,23.809814453125,9.289096514041395,MorrisSensitivity,1.8784595530014485,23.809814453125,2518.779430933142,0.9193440989911323,23.809814453125,1232.7255078708852
